gl_code,account_name,description
6100,Office Supplies,Pens paper printer ink and general office consumables
6200,Cleaning & Janitorial,Recurring cleaning and janitorial services
6300,Software & Subscriptions,SaaS subscriptions and software licenses
6400,Shipping & Freight,Freight logistics and delivery costs
6500,Marketing & Advertising,Advertising campaigns design work and marketing services
6600,Meals & Entertainment,Client meals catering and entertainment
6700,Equipment & Hardware,Tools hardware and small equipment purchases
6800,Professional Services,Consulting legal and accounting fees
6900,Miscellaneous Expense,Anything that does not fit another category
